Word,Frequency
look,20
see,20
like,19
easy,17
view,17
able,13
feel,12
good,11
image,11
location,9
quality,9
nice,8
building,8
information,7
clear,7
give,7
make,7
move,7
explore,6
cool,6
love,6
tour,6
helpful,6
sense,6
show,6
different,6
beautiful,6
amazing,6
interesting,5
immersive,5
great,5
video,5
think,5
visit,5
many,5
destination,5
seem,5
button,4
visual,4
virtual,4
place,4
click,4
work,3
photo,3
color,3
technology,3
experience,3
high,3
person,3
various,3
graphic,3
dubai,3
idea,3
picture,3
enjoy,3
highlight,3
area,3
landscape,3
guide,2
help,2
interface,2
mark,2
hotel,2
type,2
colorful,2
aspect,2
aerial,2
layout,2
spot,2
detailed,2
feature,2
weather,2
navigate,2
option,2
come,2
relax,2
tab,2
polished,2
want,2
variety,2
site,2
attraction,2
convenient,2
real,2
way,2
angle,2
interested,2
gui,2
scene,2
pace,2
city,2
smooth,2
mall,2
reality,2
know,2
informative,2
art,2
impressive,2
find,2
architecture,2
fun,2
chance,1
suggest,1
key,1
pretty,1
gratitude,1
intriguing,1
scale,1
fantastic,1
switch,1
viewpoint,1
lobby,1
lifelike,1
mobile,1
clickable,1
street,1
scenery,1
map,1
comprehensive,1
provide,1
convinent,1
crystal,1
shopping,1
least,1
pin,1
balcony,1
improve,1
satisfy,1
hub,1
mode,1
helicopter,1
handy,1
impresive,1
put,1
tool,1
sky,1
intuitive,1
feeling,1
adventurous,1
zoom,1
function,1
read,1
sign,1
navigation,1
exciting,1
watch,1
timelapse,1
rooftop,1
take,1
description,1
fast,1
appealing,1
speed,1
lagging,1
movement,1
control,1
scenic,1
proccess,1
seeing,1
warmth,1
family,1
friend,1
moment,1
enjoyable,1
fear,1
leave,1
awesome,1
excellent,1
immerse,1
mouse,1
new,1
intend,1
finish,1
arrow,1
subject,1
appreciate,1
offer,1
lag,1
immersed,1
realism,1
sight,1
consitient,1
manner,1
date,1
tag,1
pop,1
pan,1
frame,1
rate,1
ground,1
level,1
shot,1
inside,1
specific,1
amuse,1
distortion,1
shoot,1
thorough,1
water,1
ocean,1
sun,1
warm,1
believe,1
gallery,1
tall,1
vast,1
large,1
perfect,1
diverse,1
night,1
waterline,1
unique,1
full,1
sweep,1
compelling,1
country,1
innovative,1
realistic,1
useful,1
aesthetic,1
landmark,1
distance,1
congested,1
top,1
environment,1
natural,1
wonder,1
present,1
bright,1
amount,1
neat,1
interaction,1
screen,1
alot,1
clarity,1
definite,1
bubble,1
def,1
slow,1
distinguish,1
coding,1
recognize,1
let,1
bring,1
opportunity,1
people,1
tech,1
self,1
waterfront,1
several,1
active,1
passive,1
understand,1
complex,1
concept,1
point,1
theory,1
increase,1
knowledge,1
much,1
choose,1
