Word,Frequency
see,12
good,7
like,7
show,6
quality,6
building,6
nice,5
easy,4
image,4
make,4
view,4
information,4
destination,4
tour,4
move,4
give,4
location,4
video,4
cool,3
immersive,3
color,3
feel,3
love,3
great,3
think,3
various,3
amazing,3
different,3
visit,3
highlight,3
aspect,2
angle,2
interesting,2
scene,2
pace,2
person,2
mark,2
place,2
idea,2
area,2
high,2
experience,2
relax,2
know,2
dubai,2
way,2
variety,2
weather,2
help,2
enjoy,2
art,2
able,2
architecture,2
sense,2
button,2
landscape,2
informative,2
helpful,2
clear,2
photo,2
beautiful,2
visual,2
several,1
guide,1
self,1
colorful,1
waterfront,1
hotel,1
increase,1
much,1
active,1
passive,1
knowledge,1
complex,1
concept,1
subject,1
theory,1
understand,1
congested,1
let,1
spot,1
thorough,1
slow,1
def,1
bubble,1
find,1
definite,1
technology,1
clarity,1
fun,1
alot,1
screen,1
click,1
interaction,1
graphic,1
amount,1
landmark,1
many,1
bright,1
present,1
interested,1
wonder,1
natural,1
environment,1
top,1
people,1
distance,1
distinguish,1
coding,1
recognize,1
tech,1
pin,1
opportunity,1
waterline,1
smooth,1
lag,1
distortion,1
pan,1
shoot,1
diverse,1
innovative,1
real,1
country,1
compelling,1
sweep,1
full,1
unique,1
night,1
bring,1
site,1
perfect,1
seem,1
water,1
large,1
vast,1
city,1
tall,1
gallery,1
believe,1
warm,1
sun,1
ocean,1
virtual,1
reality,1
immersed,1
realism,1
neat,1
aesthetic,1
useful,1
realistic,1
amuse,1
specific,1
tab,1
picture,1
inside,1
shot,1
level,1
ground,1
rate,1
frame,1
pop,1
offer,1
work,1
detailed,1
point,1
type,1
tag,1
date,1
manner,1
consitient,1
want,1
sight,1
impressive,1
appreciate,1
